Day,Temperature (°C),Humidity (%),Light Intensity (lux),CO2 Levels (ppm),Water Supply (L/day),Nutrient Concentration (%),Soil Moisture (%),Seedling Height (cm),Leaf Count,Root Length (cm),Plant Weight (g),Leaf Area (cm²),Health Score
1,25.40100828937302,70.48245126667223,9882.636624740415,353.3201672207893,1.8043607322434472,3.8990504505295114,30.29765225880309,24.218605711037473,7,8.116887715949934,14.191718887027008,36.89690198998644,6.303458813799898
2,23.03682547215203,65.0672895780854,9833.533412858329,389.5527068321414,1.91698079410294,3.1565502996116384,22.204246468893732,24.38060799516385,7,8.383523357754427,30.487623876579903,34.24020965390944,8.006368815795469
3,26.611615814252062,61.991766619485745,9951.916348859544,344.81580999303424,0.7519444276327798,3.163280731656345,29.699104427136326,24.675653054834235,8,8.498971507658291,25.59174267152907,38.105671929393345,5.180651286926523
4,27.5461286967805,61.13984507226075,11616.998883005695,438.14863005970204,1.8863955064643894,4.481242027931759,34.334403703641094,27.721680821631498,6,8.096728548463908,20.20313514651216,39.97576783168999,6.656464464896634
5,26.62717649861929,66.17924948294055,10036.608861770615,357.45402363380015,0.5771728644613865,1.7825492427410032,22.206611980800425,25.439197225821566,7,6.468213715798212,17.171630793331616,35.732825939913354,9.527434347123933
6,25.3679874865623,58.745585121893946,11525.496908172352,460.99009619880974,1.1803479222593771,1.8181946501381976,31.743502968609732,26.94215373293761,4,8.233992222315685,19.56345241116365,36.88300716546478,5.143249441762717
7,27.43298870438289,57.37025879821138,9397.451712788728,377.0469126319386,1.659103451216025,3.1639098295154877,30.85509703940392,25.744942063112315,8,8.828792653297413,12.422575950952252,39.67217049447373,7.9323622307974935
8,30.73412207317264,53.75193474446315,12148.06941642011,380.5592294060834,0.8626309930745538,1.5829131011673412,29.29534260324589,27.936825662465136,9,7.974452688396247,25.94014879720504,41.80274846996939,4.671539230208915
9,27.938742417475325,64.5753375934323,11835.364459684472,430.87090689776346,1.4924942897079012,3.9057607917672823,21.879978542235538,27.242495280980144,4,7.133228072806935,23.469332548423615,38.33034032799313,7.4451221038402124
10,25.79562665781696,59.895879453211485,12503.11166973945,337.89601483223873,0.5156852689836116,1.8415593557786019,34.44040466921699,26.737907117206806,5,8.65919115113758,19.07229295128054,37.43901470332048,6.365592150164324
11,26.285115771437425,63.59268525629119,10075.306364215074,337.70490253169106,1.3306876292831817,2.4146695827347613,26.978061743488716,25.88344356731777,7,7.812216157064176,25.4845553129311,33.11642024813698,3.41960333056905
12,26.463489797936646,68.3724241523,11754.313036917842,418.6330128697026,1.949678975178089,1.6213554626778799,28.19876856569838,27.47117911056185,9,8.782048243432849,26.399364995260253,42.182250199282834,4.25098120054789
13,28.286984944451692,63.07971295290143,11659.008853182733,320.2572865489659,1.1731379208675903,2.440049142527909,33.56722691657543,27.3966125465708,7,8.663836771446842,23.065041441690187,40.775221543945236,8.119234107998285
14,27.5438172532389,63.847832922018746,11338.280901111644,352.2388940075299,1.3720918611046051,1.6189155368423789,34.813164584174494,26.92437756707842,4,9.22655015595408,22.351492307310977,40.86695335341617,6.556714778320693
15,27.431470515631045,65.54391653165423,11935.014427690847,432.10964110353234,0.5738800081558195,4.492232795665265,29.70213493966328,28.674425865670077,4,8.597159082214137,30.766038192067004,44.612053378382996,7.663564428201436
16,29.251983390392887,58.33041294692338,10664.449110740215,501.25016445159287,0.9410605216171388,4.873648538005206,25.83978872465383,26.807112892984573,5,8.522563237570067,18.17606577945567,41.548573530844635,8.285909154896194
17,24.87578005601821,63.13169235847456,11805.642449801633,380.626203731748,1.6147844989737088,4.432773612353017,25.01799349254676,24.92450751452688,7,7.649543673642749,18.067733660406887,36.28114968776815,6.9443573146687925
18,27.1826651198179,65.4637355025255,10959.502845612695,381.4396212872979,1.872912111619223,4.9884767178040414,22.51525424532533,26.507686077247936,6,7.82710785611557,35.500550009061314,39.38762672962709,6.099394778488488
19,27.15159497701168,62.781222615169334,12108.263562071383,493.96268787897066,1.4256775502696382,1.7304549690540205,34.702988028360764,25.98338873373079,9,8.927522418960564,23.46293234825124,42.230864933693454,4.855542387765185
20,27.665484590897858,55.74286177168302,11101.031976999871,441.40837286111304,1.0045173102186684,3.628272606023023,30.027056232186506,26.57239392517521,8,8.124110759591355,20.763621773598246,41.97748292756938,8.573745004295297
21,31.263536801755706,68.80649848749975,12748.728986249987,348.9757774943045,1.0776312870697369,3.343696768796426,28.29134139868725,30.021535183772663,4,8.247898015988552,25.261936238744124,39.98099200375091,5.927772524550372
22,26.447805993830155,64.29707251143583,11244.701404849724,384.15276007813003,1.3970945705727453,3.9963457804913687,21.382194113759308,26.748498249085166,8,6.522233154783736,21.989120833970894,38.755397118582366,6.748162429024883
23,28.055945234734494,66.61373501339412,10960.33795118539,343.9050462443915,1.4673499799007552,2.690671866525154,24.30996908557897,29.88302618670413,5,7.184123429976563,22.391785402079496,44.17886217055291,6.075781434799737
24,30.17019380773689,72.19337161452886,11779.68219108403,452.158930040561,1.7143896797125624,3.5323665602900602,35.003698090277695,28.27053468304942,5,9.995099051056936,18.699965031085146,44.63653933878631,6.41221201561917
25,27.686914403947817,67.92446531837086,11625.590584713818,492.97018436168105,1.6957514240900666,2.0287821931359815,33.531123792074,28.454618684247045,5,9.33878449144536,20.621658450635785,44.38936561296199,7.09982678422011
26,29.460959985770693,62.92387105543627,13034.846901609602,424.9030423170187,0.7222507130014555,1.607388722609636,26.603854985688255,26.494917467188856,3,7.560618885440195,32.525609016884594,38.12838177703402,5.743674343440339
27,29.35700469206301,68.12705560069082,11310.310979624668,417.41636883810764,1.763277201787497,4.598017565547856,31.168977992688315,28.505689559201503,5,8.191893146321894,23.49263493827221,45.45215647540503,8.213286053912295
28,28.917857399669874,68.07952709460709,12484.33919825574,410.0245754432345,0.9985101535736958,3.8286134978380715,26.84449205819317,29.41173662525967,3,8.092349066111717,14.864819649624955,43.63905993698495,5.26316406496094
29,30.368447663111986,71.18392047651582,11089.850675807393,396.17619580360605,0.5055883501810561,1.019723813874228,31.865154786652283,29.222213833361106,5,7.90945286142626,21.354071876679747,43.650131561204795,10.0
30,31.159293092662676,70.49210574645333,14370.508910429504,383.9509755983732,0.92772815518753,4.2958123954724545,36.01607168462628,30.495103722408633,3,8.48586802070978,30.670059266890902,41.88439549224447,3.3518871022634196
31,30.812731775924494,73.28813014070269,11705.914682076882,357.46832846662255,0.6765757927857781,3.9291690825406227,25.474029525119576,26.31440988106051,6,8.298096762163274,26.813991230796653,40.40391477644982,8.586361533627485
32,30.219903103750184,67.55700827357161,13865.35893956829,407.48197557822544,1.6303695924224968,2.945776209727573,34.910733511675254,29.128591458526532,8,9.224856681908305,22.59773942355783,46.79602913673437,4.950556889547251
33,31.783342561401223,74.26238517694283,10876.099646631614,373.7344046009921,1.3250967241708687,3.507586038862943,21.890108118230632,29.298104145571465,6,7.529910134940298,19.75528577585193,44.24633118347897,4.950317277200324
34,31.64702798544943,72.17347589372596,14233.079756981711,383.60971174064633,1.1069714024037176,2.560279316401093,37.2864006047338,30.595863203299402,3,8.392289497741741,17.11841572329379,47.13787737667731,8.18710725019615
35,32.35882315372212,75.92781588446431,13142.055123317692,374.2622291888741,1.3903802638546652,4.991365563091504,37.36363372646869,31.82319776028139,4,8.90993444928894,22.898918730814817,45.72185466207377,8.401022119636588
36,30.559919256916036,68.67018106550988,13948.15065146214,303.50059904566575,0.796647712494009,4.535901074074452,30.6498304408146,28.761832435422473,8,8.463981986711794,20.050007866058003,42.787635130329996,8.310887412101467
37,31.83321782437927,70.22754775466281,13647.981962310994,372.5061932194016,1.5915982946859906,1.802525821168774,36.632518585735454,28.04611223367249,8,8.961910785401518,11.678606116317795,40.1803071620059,7.720216983857679
38,31.638509686164035,75.43512325225583,13860.70100398275,455.76781648892904,1.0237374837911812,3.552477603962678,30.06890527887137,28.538085938208773,4,8.299505420922008,12.209464213002523,46.11621648859651,7.7318453395863145
39,30.683957253741273,63.67201857590463,14323.84060549735,369.5100006697851,0.6907486206427815,4.836116784798153,28.139391287463003,29.071897250142964,9,7.816800897668238,28.441144319400898,40.73647464365872,8.567347581835394
40,30.119246485370947,78.68554378607462,13183.833323533798,441.3264970922559,1.237075913479127,2.7614964862106355,22.587362876108624,28.47075575053269,6,7.483089558245586,22.149956160498135,41.02013673819084,7.813007916213943
41,29.405842708473926,69.81931896344638,12565.753108733781,421.07763492956207,1.1308042508526202,2.4325359487198903,23.10532264700202,27.549991409716533,3,7.146228571943363,17.29417800487981,43.70617631144504,7.367613786674139
42,29.496684449504357,72.59915052637385,13594.014605746575,404.4582477790303,1.6130991224370883,3.70413289469009,24.749952138538788,28.917878909747806,9,7.237952270518871,31.43102417528091,43.833968501343705,5.5302705889327735
43,33.14790850037848,75.10967672296066,13337.665834819632,415.157657307989,1.1292412270388104,2.737653573369706,28.413244555053826,31.105735066960737,8,8.290058848734917,23.709406181238514,49.7930593282992,8.984630242001213
44,32.97338378495117,67.62962601408002,11415.939948437208,404.42286327550795,0.7400216254636084,2.7698832192303344,32.846850499449644,29.901029196326814,8,8.865580092540148,36.059114962909405,47.8654890715645,6.148795139886342
45,30.421355402879293,72.51555488065496,14327.831303273768,368.34104388741287,1.4654278684369078,1.3498300119173772,34.78581445584146,29.26040872166488,6,8.621216507841144,26.510732389491103,46.45319640980795,8.565315149495504
46,34.945836788425744,74.76013115233917,14305.203132050794,362.3013071594038,1.9806336479744542,1.8030161665693951,25.26988036147239,29.820549054701925,4,7.6691222674279835,19.280853632648554,46.40329854342658,2.3093811920090506
47,31.11191221101302,77.23477154700666,12157.394386094033,466.0754918323685,1.2589794525256575,3.5473316665190757,22.264044285428383,30.022395572543257,4,7.280820808066757,19.17288173822569,41.312098279620024,8.413095728349214
48,31.218023860336505,78.77500549017508,14589.690899427842,317.4845359890171,0.7035565761477236,4.309560460468134,26.689657923937837,28.524864374145363,6,7.897283582025075,9.709587771808357,40.78101758032425,7.049997873266192
49,33.90342587348001,80.44240938727268,12089.02338143557,353.16651571129887,1.2782671675960962,2.011381569016764,30.708494656658342,31.36780374899453,9,7.997916540886209,24.63110665767441,50.106125085577446,5.39618417980446
50,32.547103931960855,85.98585519332835,14491.101899290894,425.4667025300259,1.8686144058127647,2.3795156097119095,33.45942941679882,30.655902859080584,4,8.129250987777288,19.393880207777332,46.69128822227735,9.118726898898387
51,35.12453671856646,71.60028942993856,13765.428178493776,321.35010711415623,1.3503938479069977,4.822616395813361,20.789169987667222,32.88317863877497,6,7.255524767941946,24.31069166000577,47.5457556465616,7.744793668390176
52,34.77736213699729,74.86895333631811,15917.19965146107,370.16031136083666,0.6615313450057803,1.0826245222939974,35.04984196792794,30.46624352107091,7,8.60978026834032,30.825907776662852,50.149419015447506,6.9848935804483085
53,34.86418299941566,79.66320669099514,13036.21293474763,318.9335656583156,1.4506394794697035,4.090750841522404,20.128041706147034,29.97011558995242,4,7.624267662353385,29.285056850434465,47.245727038128265,6.173922801614256
54,31.60567903367673,71.65568714437458,14971.265621476472,379.71173007445594,1.5046493991655998,3.62632764779992,26.01192262518267,29.77457910380242,3,7.8026583750192335,19.392955681730783,47.16086888099404,7.071612074372133
55,30.02068879050568,81.20646994759204,12824.087032584215,406.94248459676425,1.4550627205562068,4.682259920252017,23.706973493950404,27.2882396241993,5,7.372640915418476,36.233712380223736,42.08029051042584,6.8146490852153825
56,33.79029274840871,76.41362263527239,14044.596577070848,370.98000147741215,0.9105459182617426,2.611305649477894,26.756015363701746,32.638866876606954,6,8.525829385339533,23.12413889970968,45.80303061839248,6.719689300616686
57,33.39460838136012,80.77895654322805,12697.805794989503,258.7320114723208,1.408258306778539,4.80078803243466,27.14047745145715,33.001399414443654,9,7.9650582438478885,25.09064309963722,47.890831956340186,10.0
58,34.43419415416273,71.46162665235614,14200.261627013348,332.410823945928,0.8207111655493706,1.7049557362261072,24.76086502973442,31.979165083343517,9,7.544026351531269,24.718281655186583,48.84618514595728,9.860946634094377
59,31.75854108327611,87.55770074520618,12373.887323844394,481.89032024057366,1.2614823948821636,4.991573374284871,21.70289994508177,28.901133224685275,3,7.759584342340865,28.26275653906405,40.551675618330826,6.091545850986849
60,31.656955608424063,74.91364500791589,12846.389789999652,458.7492442052332,1.0156056129937066,4.87403380681814,26.36299722194071,28.71608756311227,5,7.05615733701671,20.318264316266415,43.705162733133726,6.696182386313045
61,32.1559580081397,75.95066429794302,15692.099134140932,394.4444368653805,1.7923354935389448,4.1812325333568054,22.856600425836643,32.635736358588666,4,6.89674378460707,20.626898932239254,51.145504154228455,6.944543566767986
62,32.90359031825133,85.81039205109289,15225.54216010177,433.39439618176124,0.8452923676731438,4.231515758382109,26.346411707064412,30.52408511643246,7,7.910759710379248,27.917351379624165,44.526584710538785,8.621615685344318
63,36.67309689170832,77.3318091388174,12849.446812278387,474.8886918951244,1.5769306827060137,3.8345573417131553,37.867813654700576,32.84661677638603,3,8.784072771773857,30.7992327435348,51.65857626239507,8.401444512191427
64,35.47226546042098,81.68222383173065,13891.760971081458,404.5198692265611,0.628659436989042,1.7184174452154752,29.625141900385472,32.643599544481134,3,7.9412585619121625,25.836381537265915,48.29926172057432,9.377324689574145
65,33.007796373831155,81.80270165924384,13814.117209678516,410.1923355751631,1.3229976142969693,3.6411426986309805,26.66858091596758,31.340386620530477,5,7.63481365715647,39.06023199778019,46.04231527804459,6.236589755197463
66,31.26816945505655,74.33179936549715,13287.572008134919,457.36388910764884,1.243950715737608,1.9896134070507179,29.950892780147928,31.00047516547978,6,7.559408987274924,36.02912269408432,44.507036713835774,5.119388814415873
67,33.83277440392211,73.58078197076297,15490.155059980396,430.339445472553,0.9752841442533164,4.286178073082337,38.38090303745042,31.34761636577946,5,9.377114646248366,18.895500026143306,45.53331198739123,6.269122722485092
68,36.774457215990466,75.02618614847852,15018.328201152206,344.7755869375999,1.45153103360501,2.324817431568436,37.95751971095784,33.96501667987474,3,9.715964635178455,29.349893062117694,51.53619425382854,6.613956608205745
69,34.61994844328647,75.72647363804472,15167.11854935587,418.3584836234371,1.5816295448808229,1.116312996177117,26.75295523341877,30.764728200309317,5,8.19727181171228,20.128315422714557,42.703626391516764,5.621280920693419
70,35.71109701537289,74.87082821209167,15805.662167090579,428.0520491294217,0.8571397329446987,3.5738608538796073,31.216335981523883,30.815914965169426,5,8.030899262235843,31.717917833041533,48.600577516937165,9.584683634835717
71,34.417187777922315,75.31436908137037,15138.728550132411,335.84340269380215,0.8218893228891574,2.9639381271020393,23.33918207547136,33.310025681008874,4,7.254395141710158,37.45565287721686,48.28608888838149,7.92030658100118
72,36.69108208208513,77.45332256070189,13798.564704626124,437.71979900233856,1.094962883681502,1.1504161605921284,22.645002379196477,30.75852151597649,6,6.957558291335612,33.8841773965907,43.77727439069555,5.59358008282301
73,35.82130652214488,76.70811647514499,15751.208776552257,457.4806430319936,1.6854593421505562,2.5209351050891384,23.579357324943253,32.363057036444516,4,6.805593820161355,24.57108566582749,50.341771458435524,7.336361979781949
74,36.98496438751612,76.8196252525776,12772.51039778685,379.72820250007493,1.0635101151198407,4.578966921718072,37.7579352807943,33.63531146261107,3,9.722216267886138,32.221753425578584,49.64970287682107,8.30440265448524
75,34.66105853719857,84.02914636069953,15542.783612016834,429.64640543203956,1.4927041078244545,3.697775056678861,32.38377227825723,30.151055018902284,3,8.82863316699465,26.757934040148793,45.39390652993407,7.486882954442143
76,34.37764190843691,72.9849228350808,16681.137271954674,424.51223222289707,1.591019874214904,2.3797744863532775,26.807716571162988,32.350795608407346,5,7.938696890957805,24.734752095113446,50.720921407431824,7.653504604486999
77,33.54390779591273,80.3269435414185,16376.568340949936,322.04049639681966,1.9977115538694201,4.161011496895924,24.905444947529645,31.554928177782628,9,8.502012981986747,31.769702760093317,49.86935652240756,5.989919315699361
78,34.86484793008961,75.11028924184738,14287.776507013315,352.8315402730417,1.0169087603893165,1.5043090793699374,24.332218667411695,32.005383363164235,9,7.619908159050836,21.942687472152215,46.62039310085924,8.888979961103079
79,34.55506321414422,78.12601795597139,15454.500197362138,359.0910215003689,1.2172565440664793,2.1242956769279493,32.384784196605054,31.500958817055672,4,8.090492460183565,28.12141427761034,44.32544339898248,6.574067780932583
80,34.33372718664355,73.7513070050599,14727.00529088503,472.15150592117175,1.2031199234064924,1.4128166386883736,24.882171739495405,30.43051508057345,6,7.414626981852237,19.73709845911962,45.59063439424124,8.234355917886198
81,36.28647243881412,75.28346276369334,15434.883886038557,437.11393372806435,1.723883391928271,1.3662929384161302,38.4770774670784,33.14547076475789,7,8.752031785980865,26.52890984973386,52.33734978502377,4.843023995073813
82,35.731274442870266,89.23695664877515,15166.524823400285,356.4387389768888,1.3549814148189707,1.6824887066542829,22.360271163843446,32.00400487383416,6,8.030175772634472,20.65843310257097,43.66184769047584,4.582148190185208
83,35.48183101399727,82.73488491466192,14619.281384061152,320.690031029098,0.8705519550969615,1.6731224293829055,20.967938456811023,32.786084837438544,7,7.937715392908078,31.98184255956511,50.39929631249268,8.239516071781777
84,31.686570530751954,76.86362728437248,13777.14158055949,448.8715440235007,1.5897729020866205,4.644977495574617,35.663945633768364,29.54284076611156,5,8.792004276011557,24.099603509725874,47.35998003099144,5.042462983610955
85,33.7871763268521,79.62390407391982,13182.316569834293,341.8794121039331,0.9700189670185616,3.5816605700215756,33.734947930665406,31.181754959456477,9,7.656510162831971,24.806652860556156,45.788199009349746,6.337797187471397
86,33.473759845441805,74.71417132225909,15201.891675147206,434.5600174487753,1.8375796210268893,3.7081955325580087,39.57985131331725,30.884635731086632,4,9.450907334763821,19.604557893448366,46.00668476899787,4.239483955024417
87,32.67601272090292,84.1705898049245,15586.663438372525,363.5717408531986,1.6230496455002361,1.5769718469189402,22.060113141281686,29.78995585857209,8,8.229490902854497,20.388183998491883,48.1828939317099,6.763398953707557
88,36.61952241696177,82.13423979441795,14868.040719250872,394.90093078717405,1.6009332050682457,2.4344955840758584,38.38447888352766,34.14270149324559,9,9.57690252837984,20.45278745139887,46.97489528874858,5.1729982284116565
89,34.335126036542626,80.38244477093309,14264.57149159065,440.4288666465547,1.0944713254282277,4.625418213865331,34.0734200087636,31.08972752713219,9,8.097475240703044,27.72597057909133,45.214788032018625,6.669410526324215
90,33.64646987146079,81.41164274186092,15005.744237711222,369.95868391059986,0.5910691588262954,4.594242283344094,39.85637339541414,31.109007474340302,5,9.158388202334358,26.32449689011605,48.22348751945227,8.924047304365278
91,35.1348180927259,76.95560196337867,16551.000900909912,466.0325915745716,1.377197736523325,4.60631831750942,35.85127510269094,33.19432849816625,5,8.738865528387606,20.253098229405023,48.45420059531819,6.938239196989775
92,33.86386281788515,72.50718415620837,14813.588354978863,344.25265439426335,0.7895301471468332,1.1954431382295208,37.15446571189931,32.674616351759944,3,7.789202313800741,26.79128575291191,48.48695709013283,6.216648504758188
93,36.28879465290273,77.62418676994041,14332.665713772565,437.6906081619894,1.3591954481103792,2.9398779991048936,20.969392467772224,31.4957535082377,9,7.55393504833848,30.26663507359909,48.20617969542653,5.159350282011035
94,36.80184414855575,79.71538887762814,14517.339289868672,453.2250372484164,0.734342353947292,4.36498162630601,39.77189821026866,32.4312386833529,9,9.539000327066566,24.28489333092562,50.80469703846698,10.0
95,37.5449326183855,87.64265071703531,13765.7088799689,415.5019888145238,1.5030645143916468,3.044534982432339,36.48446471795972,32.95806506138667,9,9.188374399499027,16.53753148595947,44.70234723506621,7.117077902836995
96,36.96848061100942,82.2024270417971,15024.786430507465,347.06294277051944,1.260687641094814,1.7038474710832148,25.55271552820244,31.92730902033687,9,7.974697550295505,19.56360529029932,49.02671167123644,9.251424248447297
97,35.84722926387754,76.36135265203924,14396.534381324484,395.9716590515347,1.3709301544310115,1.2347032615603037,39.34176106858835,32.085771797039804,7,9.086518173413955,30.59784826460403,46.251356776232335,6.805229593634026
98,34.09366062426184,83.64251300879421,14573.395108027988,372.51167791014234,0.7981182390289907,1.1736500770466987,31.97476789150835,32.10659280710379,3,9.054669161879449,23.55592469702736,49.44741784202167,6.299506332437063
99,34.51424008809069,86.72676829700227,15863.083795742603,448.21681864309187,0.7168950758896953,4.684681936264136,35.41246321444004,31.954006907605443,6,8.580716401628468,28.351033860171814,45.827062402737674,7.053641124256499
100,33.51581395532613,75.73119825217944,15143.868425178667,416.0636237041896,1.5520973743996893,4.2542123561193055,37.07280794272043,30.5891829876304,4,8.777788852168458,19.113455952465515,50.056236495460126,6.819835191382842
101,32.206272513850436,87.6333082928168,15068.026809814215,442.71653100251285,1.5466235311487153,2.836441369740952,37.04354917322701,29.129770483062043,7,8.85305257264675,23.993613572441358,45.71768962873424,6.077723163545235
102,34.560087214327524,77.06391773169132,14055.192158717822,386.8943046590413,1.237625035725828,2.0858479730677835,28.802228805363185,29.59280813070357,7,7.833438566562864,20.501205011965617,43.19302749546772,3.868581074775147
103,37.59450033900765,84.63115435523392,14676.789840778914,402.2055075306482,0.7964950879565385,2.3137095857509027,24.896453029177746,32.657172506055524,4,7.895599698499137,24.58322304571518,50.58556878414542,7.795990117641054
104,33.554827279286734,84.40704509335352,14634.693249682265,353.7895544795536,1.583286170891269,1.440015503144629,23.031744282736874,32.00387368256199,4,7.161051358912344,22.91376548231653,47.544639399266806,8.052209895908113
105,39.06718048042155,78.42095771056681,13510.5146510431,400.95848075771363,1.525859376016209,2.8881704467859355,27.513793030421,33.71016293199441,3,8.571368745367103,36.015409552004705,49.19028007214815,5.340650850573287
106,33.58572220897931,69.47383670217039,14930.099446071732,452.3296230965573,1.5800880777127073,4.827099648805604,23.063881940175992,33.01412867057229,9,8.068862027216731,32.28765345950045,52.45803881283445,7.822919654661027
107,36.42365165101216,83.69222140226553,15406.736914961552,428.954858860997,0.8934829807468382,3.551760022386386,23.020441387359938,32.948908393818286,7,7.476411398247575,24.70520015172786,50.861067138545245,10.0
108,35.70906250823954,84.37507506231331,13383.502446290464,393.1104983716197,1.204633221641737,3.7372267600676907,20.75946744048218,31.594204642900802,4,6.429752450615496,26.073981192325125,46.22126550834144,6.992497495201715
109,35.39090520017541,83.07163742296319,13629.448896121597,338.5958924810616,0.9538444349302089,2.2867650646236592,29.055569892977424,32.523997345989,6,7.799641961455085,25.91645596746059,47.70775445410464,7.351393497629865
110,34.973482627692,74.00465973176723,12911.709291256833,434.4077075498906,1.6451478662623995,2.5615887916346733,22.295791816579037,31.638624904140194,8,8.01151629042396,26.254049356694743,47.32622126735993,7.219198338874703
111,34.715696324697184,83.70308246231643,15071.275114749415,486.47936853045496,1.8862618077795352,3.234383516519027,36.871179260605814,33.48123611687362,6,9.767973064394042,20.378910489956475,46.71167831803856,5.907137840052481
112,39.303189263363095,84.06767084480877,15127.05203554312,401.9485094570336,1.7993356059796077,3.0374424178472443,39.67036438316036,33.721884953191676,6,8.538850791904084,28.698742230868653,50.91559821073078,7.84921987339205
113,37.0368290771698,87.81264597498955,13909.512348409095,457.96214948438825,1.8369228869436174,4.3694591179081765,34.854413236516166,31.82505710509661,9,7.962992053784413,19.095424389979165,45.5741926545215,4.9616824305529175
114,35.324663712542865,82.77710481731496,13967.797226722998,425.74591759068494,1.1438953906306977,3.3177265230305615,26.707263078216208,32.338797759771595,3,7.4415265522927045,31.193384587710597,55.18184440679727,5.350633435176706
115,35.59364182932932,75.83430725071459,14354.460240995406,410.2082844516588,1.2344887044660746,1.902344760779243,20.94174370469441,32.565221120441514,9,8.13242386758617,14.772497824777583,50.825711688935506,7.662054582478519
116,28.41174367123286,70.69952784444449,14374.44450280305,411.3025333848544,1.352400556243358,4.823534158634006,35.630813793655875,29.040784464167622,3,8.944159797267947,18.46608424978532,43.12986046625655,5.854417408897232
117,35.11055143604399,80.73310995453623,13950.372591637812,460.5080223169357,1.5908066320133156,4.202118626322417,21.452387546473936,31.661098401756405,5,7.647629066322111,26.93077628301834,47.606909000515614,6.669378388561069
118,35.2740158442501,78.66905041909267,14507.56208261572,400.33745309894965,1.5085184256201478,1.6059099544144355,39.29133300100921,30.0507610452209,7,8.898742505142078,16.395409712372757,46.824304688646244,7.4134589297147855
119,37.43839946201029,82.63632244938826,14458.80167646736,392.45408260278765,1.4592731294589647,3.6859002894089676,30.607408684040713,32.63648761846252,6,8.806351258561705,25.847675666402523,48.99813964438527,7.1960014242805075
120,30.65845936889885,81.4545800078519,14069.988800353112,422.95419684238544,0.8384928775273119,4.151193781245332,28.59482945178535,29.785513892316473,5,7.872883646710314,23.72574835286415,42.77029361847988,6.4964494537942725
121,33.106798740474055,81.73554484101867,15229.595786239832,394.6907635527094,1.4502309256071884,2.023826394337,38.86322241369721,30.322854304055706,7,9.465225408276977,27.793629781961375,45.634233938914946,9.534782948715444
122,29.96672288772446,80.14762264971665,15792.740069445941,417.2471233130538,1.5943761211183802,3.7178631906886395,24.433266762092508,30.48052433342865,6,7.739278678820236,22.84160424435684,50.73706159923783,7.1135034350416335
123,36.02043362405755,69.82382172039854,14786.894840352676,376.11468169302833,0.9336031418895803,2.1202366057633064,28.51046333859209,33.079792548108024,8,7.912068219260842,25.616651194968476,47.661807203459865,7.062178445753558
124,32.059873439207244,79.1327520039514,16736.37486322343,384.4295540087704,0.8296912687681518,3.375493549499215,20.432025463431916,29.47814399378377,6,6.723576231638496,21.312521930665334,46.89862387226641,10.0
125,33.7049169139233,81.52888387295606,15590.546026610007,414.6423590300539,1.574805299908844,3.453192623588219,31.030166231807996,33.061760062664554,5,8.440258335171565,33.8621071294713,53.00738821209251,7.521161615254707
126,34.616023235424635,69.8201248496835,13426.310459334012,465.3901222161013,0.7579743280689737,2.503491593818645,30.45039445723759,31.77991279065059,8,8.30990732701435,29.96574328679192,42.8803733986374,8.463450168795017
127,33.0520289393442,75.74957043952583,14461.449095107548,429.30689746670566,1.9743980812607216,4.0357086399813245,36.55076728430231,31.21845577500403,7,9.7934774828587,21.82179131959868,44.04462037908045,7.813913111506021
128,34.24978991593189,79.25323198210631,12767.649770369508,368.9699041757609,1.7442125787934528,3.7553857345950115,38.94392391111805,29.701474683486897,3,9.294471117318869,27.702458914828625,43.797482420175534,6.360209133733587
129,32.54047857690048,68.71362775729776,15279.558820821376,372.7734000677277,1.8485267280884823,1.006178143854183,38.29798758377886,28.66572409188311,5,8.641365167340478,22.380641570163377,42.74495232682652,6.645823850985832
130,32.8793902446901,69.94204114507089,14001.528579989385,361.5984906175757,1.1641528395231635,1.3872918313431564,31.78893116391214,29.996071302243095,7,8.083271905034353,25.979737569480644,44.92600753886948,5.031789466763516
131,30.507162432410798,75.44047210584999,14057.378940147108,301.0894520234592,1.2224831851944185,2.503041033176528,23.028897618751213,30.138758973940433,7,7.172880819924629,29.36696510498834,46.30629465986929,3.157650290505865
132,36.413566639680774,77.22264082337685,13735.917819748707,269.9888173353206,1.4700354280656327,1.814651267550429,35.57227216122695,33.24239542163035,4,9.709459199781225,28.828319688878288,48.87182495499548,8.787830637921132
133,32.88291853539324,81.21991226840032,13535.100128627839,502.0788323086285,1.4058456997832716,2.3139435188757207,32.42866232771484,31.69545011676999,8,8.731084075521034,14.617031756006643,45.29141521551825,7.237386281564231
134,33.7314822791295,70.37745024874363,12377.649961463218,395.25327261485546,0.6841501688202687,4.748444551466795,33.41232180933381,29.428742087220186,7,9.027606470827786,22.52841067592999,41.243734847148,8.983946564791477
135,30.172100229725583,70.25426570156786,14165.17327248045,367.0459633440382,1.0467867070040167,2.171073650828484,23.758528913451855,26.86722002734152,5,8.293562399924912,11.980864356098692,37.35505787243072,6.861401397212839
136,33.915946971956494,80.03663570435606,13023.159360100706,370.88811982108433,1.1975057136959861,1.6071944886075724,38.14343051188891,30.669961244482447,4,8.878435375034497,23.323427238617022,46.69231442287671,5.925321561729422
137,35.290870832717815,75.25444258596292,14794.001351537421,387.575912887362,1.402166660735407,2.2238428900075387,32.341266078960516,31.492257633674836,7,8.447757892535808,20.094186595138716,45.24753566351548,5.6485933959128865
138,32.98467711583289,73.70154467139339,13072.92470571591,403.1423752647895,1.513276050957951,2.3225368917514086,32.26344476311593,31.03452804697527,8,8.72333543648106,22.902528700327405,48.944334939201624,7.344598964168695
139,27.675960629664768,71.49590584644221,15635.177074289997,370.23509529744223,1.5343690897061761,3.8232994121435975,38.03202786442989,27.646786012723055,3,9.262137818012924,23.141735284196745,39.21951714011072,6.958816438024452
140,35.212470489425215,71.89477055576391,14874.75757049989,413.06602827588955,1.04945082802475,3.0023858125436713,33.27575422952922,32.65994052325831,5,9.388798212316356,34.00444000659623,49.00486470261329,5.710176971295132
141,30.351435095133972,71.9956178543584,12955.21127618424,407.29096035818077,1.1995769292886571,3.2608920649817583,33.898619032820676,29.208775468346595,3,8.243490681944559,28.790478852819398,44.445299974288844,8.226780209454082
142,30.816903095359045,73.72544796702502,12728.08659824303,461.60490963024836,0.556434016374827,3.9019676036460744,25.751360943378828,27.783461508820956,7,7.3779016933612285,23.547228606812766,41.94090023516495,5.962930431823125
143,30.086942538994474,71.18592579745516,11152.789620868314,402.3897561838275,0.8702773761684632,4.929115768459208,29.509079691585477,28.25667892527314,5,8.093395284986544,21.982021737085564,44.36027361260192,7.629965255205902
144,33.259967968340966,77.62793851410855,13756.779186470632,443.172723236909,0.5718194478623264,3.6870191618842267,22.304594562112708,31.391444439295967,4,8.359590555415858,25.48849239363645,48.91231841199432,5.880546236027129
145,30.360971342042514,64.01133661045789,12115.611485330113,311.6357878502148,0.8581560019093932,2.106860877096637,26.56640622304398,28.109937041661944,7,7.746195392359242,21.736962809565302,40.35986034619251,7.59952634348347
146,30.226844088779792,72.31304784788655,12457.207814359399,424.9298465508825,1.7107120762335233,4.901617465446322,31.179731491392573,27.96043136019676,9,8.372997193365235,27.593770594961704,40.23569823615516,5.699249534407109
147,32.860290551811566,67.99560784786888,14187.110631639503,344.5898573058669,1.1871001244126567,3.731998588652648,20.226704444874876,30.195602748826932,5,6.840305036640229,24.749716742075623,42.83025505643908,5.702958073442187
148,34.266971028506944,66.85792109556601,13967.502045187473,375.2170258686552,1.9371484368359448,3.120274132682611,33.073397130897035,32.198818057597364,8,8.966001264901177,29.831637593301252,49.967012105157266,6.886316460357679
149,28.312171874353837,77.02840259077367,12127.559031630062,354.28830027432883,1.1601901249984987,1.6548194191261492,33.02058240427151,28.13469454278744,7,9.083476960439988,20.04494307964362,41.40389606904931,6.531240579976593
150,28.861617824039598,72.5210298455161,11920.978934570534,471.2276735679709,1.4663852490573634,3.929798027897046,39.872243681370875,27.729283811759938,7,8.564338917442022,31.005695089361588,42.338599380496596,4.301035539315823
151,27.84092211887215,70.07240058144922,13548.834186074488,335.7172532849887,1.1363775272792023,4.388603443765012,31.472899981289366,27.594904848662797,4,8.99987647217899,22.817467008301556,46.3438913499086,6.6929655604865825
152,28.228888716216023,76.82700246201735,12172.352243103802,397.64882584229923,1.9015259951190244,4.673971942934854,21.90040439059358,28.509675864675202,7,7.958225834671517,16.911951104190187,42.5927836275284,5.824235877622219
153,28.76221645006093,62.25133237792777,11625.769190714589,352.2357071118113,1.1066306396171945,4.528051046531388,29.397576025396752,29.03562500918821,4,7.690615244294953,23.428399907216342,44.03603785155784,5.895975610043625
154,29.461122749093384,63.50075775861676,12343.916756394932,354.5573458720094,0.9859038433772687,4.4292537857530725,38.8710251283306,29.573623158355304,8,9.028717669220725,34.04619760550497,43.51413252268767,8.335470018403207
155,31.988869660194997,71.96319651184388,12560.284424587322,384.889648602972,0.9933498058792174,3.0454176933499038,30.128878913760374,30.21783747271774,7,7.452805202219258,23.933064163367803,45.45101346894641,6.326913788098835
156,28.348827269872658,65.76370262943861,11158.026769185019,393.4632393255035,1.5980558739608257,2.6697442760656616,34.4210539324921,28.220597976751964,6,8.3071766132969,21.08951000464585,38.25796078995857,6.623367275743598
157,27.66224799852506,60.619657648019924,11483.90174271325,404.7011813905077,0.9712656571340327,3.386810665956928,38.12864747182057,26.358538950054626,6,9.10124228810634,24.157823560072007,37.11231544981687,7.532101784490462
158,25.56480738691278,82.35708231253918,10626.352216057963,435.9718518701573,0.5149158663926864,2.8577884669621976,26.545420527482694,26.608304635566682,6,7.472137565032447,17.796769937297956,41.74311766287085,6.579798843183835
159,31.524058417048185,72.60020140036836,11885.32067688044,345.8592765662738,0.7341870072863801,3.4988526105298066,23.439120064032032,29.797137392682487,7,7.403631684647375,26.898387128141607,40.34848126553782,8.362584674189346
160,28.46633186594324,60.99055068861478,11722.930186646365,407.2126217139741,1.499967919793928,3.823063295520975,25.369710549904273,28.50662617885114,4,7.842458338329111,14.236472540517916,43.56083994012402,5.8776677284544085
161,30.98785672771072,65.13037882454663,12178.631419124647,323.1436433858818,1.2994257655481898,4.449500775404747,22.813286623629523,29.499724637530004,8,7.073354380295324,20.902867017430474,43.47980835296287,9.224038537802926
162,28.021768469465684,68.44255280668786,13936.460774609932,351.1212717778067,1.3140594553090699,2.8648086021781123,23.549510203157443,28.94986320643989,4,7.527536546599726,28.046184534914417,41.744013221911736,7.450467829215617
163,26.498894228582262,64.34715612180887,11513.145645971481,345.39201511150526,1.9876409812765428,1.8001529228858595,38.933637856694716,26.637695587739756,5,10.630585824978898,26.603147018766922,38.506558552284595,6.884069449306039
164,26.35135824494003,63.39580846487579,11096.07798885327,450.1124701661002,1.6986480165907891,4.578591577487904,36.6605769345049,25.60639811682738,9,9.436167289641904,26.074330215726544,38.781055686192296,8.479445990072078
165,28.24892775253407,63.33172727662144,12557.981381341122,383.47387973323276,1.0783584136786135,3.511854270698371,29.199737102693902,25.728951455279173,7,8.982751528240799,21.65982402934594,40.478454744036256,6.803045792115345
166,26.133751937272436,70.33934530767691,11673.092367827814,389.34132899437077,1.8321787993888703,2.4415659655760664,33.68549056877216,26.159439444367948,9,8.540172967787772,30.32207149965487,35.61401678558007,6.98123206428497
167,24.77262826952541,57.24234674583584,9615.938167293592,474.23379218283947,1.4114879787772414,2.039112431428757,24.073028380767695,26.234750697053578,7,8.027311060599185,22.58560935340997,39.08973107666926,7.180564576566961
168,26.287284751140007,69.31493542394004,12696.54074279563,371.04570962342194,0.6314964433855128,3.9264922415171655,29.44058171503833,27.100411309540906,8,7.916079156202655,21.16817901664062,38.0048339363987,4.120842171798598
169,26.772922129545258,60.39149113929501,9656.094061805426,415.2030703395278,1.2452783625866988,4.535847749696591,22.240670445757406,26.497514539877834,4,7.100180879790241,23.76880818928067,42.1103600423277,6.401104963517093
170,24.91603868423887,68.6304231021237,10692.893541791203,350.69637499609263,0.549451563267514,4.453457117495297,32.29949647836827,26.923473108886796,7,8.206747792283982,26.427750955999095,41.660317694338886,3.517632671765246
171,26.466163390296483,67.01579767513061,10308.28567024355,276.4108318249542,0.8244771127912138,3.057377906812068,25.88682842091051,25.80562733406661,3,7.4643813873520575,19.975287761876587,37.081080993282626,8.254065272193497
172,29.23187421198518,59.290988462440005,10491.914660278931,425.0967069859808,1.2561478499481487,1.0496109456785674,30.835300292064943,29.429444868212755,3,8.345175656854389,19.319493075936073,43.85787583749734,6.473649046354216
173,26.07818414377571,54.29404127010008,10299.801575120773,325.32011178946016,0.6654913041906751,1.9259780031897384,36.87164837171761,25.32641089394082,6,9.455160399464368,15.010218487767627,36.815267473722265,5.577861937612556
174,26.05385313672516,62.125132705181805,9751.739251804693,312.0241686854753,0.5073418865443351,2.8531412868389867,39.72468561930584,25.26401513740811,8,8.631381164707209,21.49726328130853,34.38702769054738,9.658675672541698
175,27.334479706683474,61.58132860322072,11137.176907451863,390.95841687779927,1.60739771422955,4.143678809126736,30.004269872668353,26.89336703803004,4,7.974021960502271,22.895859046459677,37.32313471523679,7.8459135982315855
176,28.36277889012716,59.285105583535085,11028.567005900071,307.67605468360915,0.7216772526648039,2.3178533171942606,28.51050382882708,28.069562323833896,3,8.120252657010472,14.68386786996801,44.59762421931158,5.571101505200221
177,23.23826070973074,61.50785672576084,12602.206033332113,401.57862749007796,1.165773294243209,1.7174711812869394,22.076333805566005,26.757250297650952,6,6.168513009438253,20.1987241260235,38.6317823490609,7.230358682960362
178,26.026921922576392,69.02981108710458,10305.627321428032,352.21015250290196,1.2676452456929639,3.597931059946153,36.7519199520586,26.590504065516075,7,9.681345536659528,24.27343986393266,40.094923284492985,7.129689656535139
179,24.17790576808213,53.65099573928842,8446.176701349028,442.3384496322002,1.5370701332315504,4.039798044390544,39.171524888582056,23.499187199819083,4,8.830700699469116,17.540494608990453,34.43220526047274,5.1564120090763055
180,27.21964224771552,63.828189748004,10210.811609402766,346.6246982595155,0.6389189475809769,1.8562307606120139,33.50985852528713,25.08159436387844,6,8.517777022106406,22.817070727638853,36.708932848412005,5.633225826288244
181,26.934095904387576,57.26116006209179,9835.335659691782,417.9422334330188,1.536754614081083,1.2615978410993258,33.407256582939866,27.919181967366914,9,9.135543887011305,19.631152581897968,43.366355546944185,10.0
182,21.940375331017897,56.44616791415399,9000.438518485069,388.00181779352926,1.5109952985623523,1.3504090681256233,37.09142899762024,23.793783008053342,6,9.637573693038618,20.514774518273022,34.83522077127773,7.997816903490667
183,22.182639061618925,63.417674970663064,11738.056005645823,341.4227986086216,1.8844207840082858,4.980399372505212,36.9851846933908,24.359579674061575,7,8.634225837482983,18.67340491293098,36.60179890927669,4.631645645381654
184,23.398254805934616,64.46750878653255,9124.49998150354,409.9974264955527,1.3617721462857209,1.4882383976321014,37.52302019616785,24.80239057292033,3,8.369727528343953,35.42482306488058,39.72715884694479,5.048959618789789
185,22.65690169704362,59.24979069037642,10199.66201800241,366.5625592713141,0.9346170192098224,3.4662285237169326,27.683927720427846,24.62082086294273,9,7.855239871109708,18.141847407933955,40.36459056156746,7.772368444391969
186,25.698539703117646,61.6672084273722,10507.499846498056,381.9003506701312,0.6929617556101897,1.8955575870207286,23.284665342303516,26.150620807855095,6,7.695285552799771,21.874524142287104,43.9293230344096,4.575137257214691
187,23.798705962314802,58.49793777196657,9868.727603098045,343.69976663469873,1.2017409411520927,1.4635506691364961,20.37149965658354,26.03342800837472,4,7.595976887758953,20.658030969918393,38.757674393521974,6.91181979165384
188,24.87591718744541,58.05945372997814,7738.630139982827,415.6557541146091,0.5165977420194312,1.732790174720476,30.35355422045302,26.133297736764245,6,8.383889994239277,27.101807950599202,38.910627720025154,8.140586152222891
189,25.056304107216274,58.866774238542234,10003.88949305516,348.7976283891543,1.337991643219212,4.200249685400539,30.790214931005384,24.731334958429617,4,8.203595216079247,26.65841090840629,37.068951863322845,7.445291614269851
190,19.804549774806276,58.75457054529846,9540.748552558833,445.5008416469081,1.13645196270363,4.763054077503565,28.303551874835883,22.451280351678633,8,7.636722934300796,21.486121209293252,33.01162136302052,6.024087125033981
191,24.539378233096127,63.957986334754935,7832.868712447412,401.43763322643133,0.672923810513532,1.3313150192581231,23.012559270943093,24.67506782964008,9,7.8475000694125,12.03755576480573,44.78964703303153,6.730145545623336
192,22.044599537632223,53.19099526462149,6970.40166058532,268.7856322245391,1.2774705212307536,4.484050348168349,25.203065771832097,22.388944578951815,3,7.401277482573231,21.89326029255168,33.481544768503994,6.729957798755653
193,25.37132677069549,58.38335821361545,9946.770831476337,378.3284441814298,0.5985051642168147,1.9803129944615119,25.859000328247838,25.011057272421457,7,7.501257279227605,19.114213539917714,37.44923379014836,4.909822475952566
194,22.35505031507345,59.15681619877057,9007.264680717057,442.8183051596907,1.3802549454418065,2.869861366947722,33.181765069457086,24.55614688184992,5,8.192604892791643,25.87754985545464,36.328795179840775,6.663628482004915
195,24.460250149586503,71.59928793222038,7835.302416071276,389.0295139755182,1.3019126232235247,4.781216963931087,20.951298318974054,24.262239699204073,6,7.217136809084975,20.534383328631915,37.77460388969574,7.183474054248228
196,23.17168810194416,56.1444619690859,7993.7632150583895,447.3560506348955,1.7076656495115645,3.0912453112214617,36.55260345716768,22.659741034599147,3,8.909378553802823,23.94207278706227,32.57209664103513,6.364093566893116
197,20.238569999476947,60.42472644843227,8359.36505728656,441.14821925942186,1.949927455680247,3.598724639179418,22.807189010426516,21.986388205048918,9,7.397392589297164,14.471320774127442,33.20073023890793,7.332406025799934
198,23.29292999152835,51.74232691541501,7649.6077640364965,438.9484590679098,1.2767879018002977,2.496686464038226,21.7852236201529,24.227302409575024,8,7.770857519393615,14.18393236181775,36.4132751945138,7.491371738148129
199,19.356291223469672,61.88590623668163,9329.569616443561,496.69077325863805,1.3597380205981537,2.9966044654141912,24.634185789589573,22.669545661156913,4,8.58474276675557,19.315338880448525,33.9573542890845,4.324641583959238
200,20.85817638857631,55.869821071680015,6441.503048952816,384.03479218211635,1.744219394237724,3.1579525928361285,27.76878656046007,22.667276506848832,6,7.8813832644827855,21.79071490893339,36.02067558106939,6.619047530138135
201,21.415905001889215,55.07060111374657,8088.226070369333,423.83490380314197,1.1438160728521012,4.438366564830014,27.957175231756633,23.21069776480598,7,8.259568505164102,16.304501004646347,34.60051225561462,5.907851062731039
202,20.870600012019494,49.66733189022758,8774.652929368884,387.83311459529386,0.7663895470640745,4.032255173338985,33.879777603141676,23.826826586526344,9,7.3229513283913885,19.033809981364886,37.42861106628433,4.528777810301904
203,20.418295380539913,46.60192279355786,8738.064387704828,397.1760737843998,0.6903985777335307,3.1897945753628796,23.20992623870402,23.729436898396997,5,6.377164394500538,12.836122709705625,36.85503126469069,6.248173156290702
204,21.73158429170698,41.801834398969554,7644.372009802797,347.0334887970899,1.0867652985382343,4.886000558765234,29.80763337726195,23.190020717647343,5,7.279758301220238,18.91146753990851,33.36043111923253,7.191002962510426
205,22.722873281688088,43.42572485511347,7941.72563165489,445.1260725239025,1.6435396106505518,1.2450872206659418,23.158861906997352,25.10499467245356,7,7.116764552617203,23.188289976283343,36.13963662346405,6.078601932494569
206,22.152426900887527,52.69709842235243,6312.889578800689,452.08290636214514,0.6961802014688727,4.191211611657856,39.03326556012439,22.678012878521795,3,8.571270666573506,16.839142414766123,31.618360635948527,6.3048442925850425
207,20.897530793504938,55.60847279984387,6514.12535410342,422.43781979704386,1.0240134827248093,2.7659340763132505,24.381116102913854,21.879584490037402,3,7.621138872772545,13.626042135452044,33.71176547462909,6.639505151845196
208,21.925161084021166,38.60412948074716,7169.650402621879,364.4861007000311,1.8444752014278254,3.8886969423012197,28.196459369676703,23.50902295782617,6,7.0742015560806255,16.623025210061787,35.87716931335994,7.171068007215925
209,20.844631775946212,49.724263046223626,7763.718853534367,441.92623165160677,1.0405984492410993,2.4176774687992806,36.173691196403006,24.391727078329446,8,8.921385954075644,19.543504566238784,35.69720305201339,5.71575933123582
210,17.714962845901933,55.919429639868056,6642.320036494088,373.0774583429461,0.8121435802465934,2.392179210759887,27.50789544158326,21.183242404045785,5,7.503354296378808,15.453568254009017,29.88531664693148,6.605610102612865
211,19.008659511932084,45.38151965242824,8840.054909143098,371.0088571670917,0.7370126567315256,3.553050032586568,35.63462133365035,23.16767539120656,3,9.011322962856669,12.6983320776476,35.337525377357515,8.527729034688264
212,21.221502865590253,54.83584047611025,7505.786092268293,444.7259810485374,1.7950811558748416,4.089588271199956,39.56032656509607,23.89519622120151,3,9.960608169977418,13.136639811940782,36.80502058497035,4.022623166593455
213,21.694393750272717,59.36702186784264,6940.06160503361,359.85156966231307,1.49221796229381,4.117658525466753,38.3004727860709,21.461934231243838,6,8.686691942084225,12.090833022374454,30.592630540562496,6.951432521491923
214,22.878251570694673,43.5049946508462,7492.421531079117,483.425196443224,1.8921899284703423,2.7607899875696673,33.78748745936212,25.0496014242799,8,8.620280710298466,22.08640011384679,35.934815513192135,6.047600602029603
215,22.439202380526076,53.21719920371213,6181.541739604301,355.53170851225207,1.2397414516823915,1.7515954017623367,30.35047059767495,24.167793177355897,4,8.651738009294837,17.101330686005756,36.07540302453358,7.182719817312109
216,21.068749487665176,54.91249285289304,5633.381749943035,414.48598068137113,0.845093444685856,3.2032065710129585,21.68756826649107,21.885379164407336,9,7.3630342385742305,18.858389877961827,30.7790044289669,7.785295583180292
217,19.973029278610728,52.30208612126577,5020.949076918565,427.8924361330549,0.7481876595390026,2.645594724042879,20.292912261800943,22.892041438832155,7,7.53724739013496,23.3552027012895,33.28266350158415,6.524851205350733
218,22.47818828346257,47.03812879555622,8279.329867820723,317.6155144866119,0.8325348777898692,4.821792074982149,20.396399467656277,23.749976553720234,8,7.564666118049862,15.058705444451567,33.802332804360255,6.142592657309845
219,19.60238233067732,45.83851896854583,6761.970061535385,361.59787466758985,1.552709183168323,1.6374819860021526,32.4761611470644,21.68042471338,4,7.9982440505583074,18.629338256577025,34.278811452994326,9.406898387321771
220,20.789507062417577,49.98083507674796,7007.629425618115,415.4516806735957,1.567599080940482,2.0453303318914027,35.05364762973209,22.564767370491435,4,9.078874464015303,14.602081729635646,35.272221506191485,4.806602811328158
221,19.60467857370893,49.70696289092301,7732.1358555913785,334.78744176283,1.9982837670284836,1.598596342253551,21.58890008881642,19.99892029660357,9,8.030548593135816,6.717644281890374,31.620478735392677,6.179578726627366
222,21.72670990922019,51.54268601671813,5381.614557310936,426.92411711084344,0.6866539492431862,2.1660131620320926,30.033461122946203,23.565713327537352,7,8.360403771723934,17.69821610815258,38.857912677803604,6.833990263920289
223,15.94877974344749,46.953512661816404,6719.137280438067,462.19237061528474,1.8270110191320836,1.509417515596653,39.738894073261264,18.454979027474916,8,9.927372987985917,10.092091391011145,30.501233533553908,7.182976704397646
224,18.65260843514387,58.264912043750044,7898.183146533076,351.538497666545,1.7236785185126982,2.262212703078431,24.071947461726744,23.487567756087124,7,7.862259587570882,24.353629876399275,37.07621820801643,8.422527262015986
225,19.450326148328777,48.293746434585145,6096.199122099239,322.6786326755397,1.0730213316370154,3.0569964567328367,35.27407599419053,22.805002644174763,8,8.88934540198623,24.022231631937334,36.00384345340438,7.352828581249602
226,18.80842123785913,42.88015499129467,7244.416691435784,435.18777226405206,1.2189089436824885,2.9157530157535043,32.50110495105228,20.159431174998133,8,8.465763397032637,25.3647314580895,29.089494761925323,10.0
227,17.082545694275556,53.64174896975173,6931.323229819401,464.3153320969537,0.8272516025676229,2.841995470888172,21.419232000595482,19.131729148480822,8,7.509331570721936,17.231240944739792,26.771702511677674,8.841585933209345
228,15.770401882513443,45.249180858267195,7023.968958213495,382.5711634263485,0.883665671945912,4.266573887956433,28.147616920831418,19.669190044928644,5,8.315674161801931,10.244890470784945,27.1944305711636,7.600432511520249
229,13.90416891265641,38.21200081006247,5462.190302190013,361.9904371520474,0.8822322495081614,2.662751174914788,38.48121185759413,19.149603045401918,5,9.40041103022838,12.12799262638004,25.762686672418344,8.059591179943942
230,15.358099413600259,40.610543447040904,7297.867480664815,450.5382791820558,1.8799487721521972,3.5432569040514235,33.572550171175024,18.05810158160754,5,9.92680504987051,10.572541562507766,25.75243037845565,7.538364232939069
231,18.13301947209245,44.226162637010134,5300.575928699899,303.15538686690485,1.5850037782509545,4.6451455811693005,37.578974626096226,20.345342693241722,8,9.28542232119641,13.26630522349973,33.01175467501362,8.649695445853334
232,16.6123587363622,43.678695472651455,7072.714379407475,454.8051123679118,1.53564188636956,1.2132897839376477,36.52559952420304,21.35732410841882,7,9.42280548125296,14.657041691973305,33.69395969045172,7.9707682207040325
233,15.874855358301325,43.50931420259074,6758.263255412962,308.8389048716281,1.7856552869392393,1.9179697291732172,29.563878725288763,22.952631060955824,8,8.415098007202392,17.261439920948654,32.936041513159935,10.0
234,14.436423372739142,46.72220225306645,6075.788836149715,306.3090892880338,1.7610023817340386,4.824380760621568,24.585266703734447,19.27602572413368,3,7.42331993253175,19.923907324206397,31.438785724487346,5.96837782947342
235,15.521836835071113,41.29401902499251,6611.018717677772,458.57190982387954,1.6656925201594623,4.84995090971988,22.16680047451389,19.562055344004378,8,7.401863250351089,24.91976693840485,30.395501082435093,6.437429832736363
236,16.47883494442675,49.22050299892932,5490.143032398304,397.23399237611164,1.7196012826098406,4.07593980475811,36.79246008879747,19.117216000317562,6,9.855902894935468,17.89636277771448,33.04709245275194,5.946926285912129
237,19.421464847672475,40.19625711967828,5744.4399622521905,477.1222692099841,0.7309136203675781,3.0620160414255313,37.04272368302426,19.40453475863218,9,8.854983586289732,16.177519333478706,27.379307662479093,7.144369132385282
238,17.499374826983846,39.29663780726397,5814.207629733565,415.7353996477766,1.024085144683781,3.3851717984632823,29.334259517958515,20.042389554112322,9,7.94421737841104,14.026147811887942,27.85045538919156,6.267592302547347
239,18.37395968084666,51.406642636886474,4514.875629300988,369.63612204708346,0.5441938119664687,1.270166651824205,24.68582689304207,21.198831086646578,9,7.957132038679957,6.115902787299815,32.674943242312445,6.97355500161018
240,17.345088773302617,56.972486088585995,5204.222958955484,370.74135424504254,1.858775093660772,2.77230342765731,36.75415364245419,20.09259712424066,8,8.428533020952573,14.349723526111982,30.163420732319274,5.225538973832363
241,16.25642045723651,43.60603800799678,5496.633134556501,461.4774372733388,0.8548172272396692,3.303568639688891,30.40603789753726,17.371720516937287,7,8.617664678035652,10.641389506882492,22.199800929105677,5.264764930547736
242,12.897753683323959,40.083315260694846,6391.178099389577,368.6664775987945,1.193793026864812,3.065506610995846,39.95317133286051,18.519119348863367,8,9.306476367329948,14.170103566417765,31.92585427925527,7.361690651741484
243,16.40829710469222,45.652738145269474,5314.0235294610175,452.16943333253136,0.5562608333889971,4.274376402395169,33.29647629454011,19.36422207741763,3,8.490899061425896,14.264456230011293,26.864784800307277,8.333062985615527
244,16.207673950305736,50.669067147081606,5174.7943038164,395.971201540341,1.5548170805346448,1.3073173626725012,22.99918613591967,20.16217336703942,3,7.030645864404895,16.888375292772487,29.193672681215226,4.637780149838283
245,11.685597278789503,40.360353939623785,4274.78955943957,359.93990090611925,1.3603949847721957,1.614823210367573,34.26209285088049,16.095903493821453,7,8.415019394042302,14.244264469291075,22.554659009000677,8.102663010462313
246,16.13602688776992,37.64896867848918,5125.037578345609,377.5973669596815,1.5699111355132997,2.0479408769645477,38.92809597274435,19.681383340678263,9,9.673240488687279,14.682316180245055,29.770975298866812,5.425503298291417
247,16.05019876619293,35.67831023487014,5020.15897444604,311.2464782777212,1.5284510062992507,3.5639000058386188,39.02999055816594,19.12317363004891,5,8.458554106613626,3.0326746423828794,28.61666946386271,5.834880391811177
248,15.294704740564768,50.775843780305436,5872.740461486714,320.02786945768173,1.1983169676464605,4.371245035936974,23.71419948593479,19.381699520987556,4,8.715948263729132,16.38611083008869,29.227359696641198,6.655074096618313
249,15.646981087675877,38.917380810458546,5387.4726484930225,409.8934124315467,0.8896264103790714,2.126765898786188,20.09337431742736,20.147479597077258,4,7.049896374059532,29.729884846137406,30.08662361314803,5.518321011102915
250,16.256418942723577,41.32537140280956,6381.51087075526,492.77576657216576,1.9200862968352501,1.7124839878213152,33.75749120274632,21.97834733170185,8,9.298247364950047,19.260524444058614,31.25452396912519,8.04867462769913
251,20.618156790564257,43.91688836641745,4920.969168943251,360.31329662794485,0.7082110883344528,2.2580329235442096,26.66975790441891,22.875968322827458,7,8.402740347282482,14.558360021700455,32.871388904978204,5.195433372947357
252,11.057026295616827,38.99188314952906,5022.29065162163,369.20918296089263,1.8817954099570546,3.917098134949643,31.614097312814597,17.3964944159449,3,8.744881811253556,14.021486458056875,27.3885747329753,7.990800585158578
253,16.320860641575376,35.9775498059741,5304.879314162981,424.2529053580808,1.933231817961205,4.60695089425915,39.65782699405521,19.15916348007537,4,8.757648306124603,9.034466624403484,25.150698178583063,7.482441591811758
254,16.046392148413418,31.223692414970117,4628.583591300191,368.3642101013416,1.6523434532680548,2.700134375013777,25.16775566079474,18.769994858361912,9,8.428634175039758,16.314511502945948,30.216126244569665,8.67415881146595
255,15.900775165747309,32.28904568338284,5104.271715778904,373.0887139009048,1.1309671438912061,4.770983983922043,23.646718175848477,17.96869986973501,7,8.218005364874802,16.943798246186102,30.338394371620772,5.244330636480107
256,13.931467578546176,28.280825341887425,2539.6474962170364,418.70970137772343,1.6108960539810244,1.296576053554431,35.67888932068016,15.614243637241072,8,9.177031089021018,21.850666829140224,26.251180419273823,7.025892261459413
257,14.990325420377406,40.51178752709435,6380.305790337974,389.32018540558187,0.9671893264010515,4.364406556762116,26.020425626889768,18.418147560007114,4,8.08228325022939,10.859048276255674,29.99049782239014,9.951563387144207
258,16.52138515909733,35.503729350699246,4168.779081650654,434.149798061965,0.7650614973656589,4.586570259127841,29.587063468553104,18.120464479120205,6,7.910788564300829,16.17212744534387,32.19757394696044,6.329091270095676
259,19.067568989263904,38.00902856798798,5331.341998403279,443.5434260236703,1.0348137135670588,1.0605389392536675,28.57776135831657,21.02513685408701,9,7.775838499702947,13.437665983756872,32.08972986750161,6.1013287389633755
260,19.21339155311104,45.07848119071492,4685.9833767681985,382.9685429444642,1.0929769600157102,1.7258653454316608,37.480423224702754,22.04398990859358,9,9.66035818640199,24.301288501438275,34.02194225232427,7.881923936910188
261,13.959173928362713,38.9234753105049,4787.429782230025,486.4214542816898,0.5797036706007712,4.051181999078942,21.840956040729125,18.547653599216314,6,7.3395665125256855,23.149906507613522,28.741630380034287,7.51110064097338
262,10.74055149034978,42.07511224148986,6463.5243789371525,285.6881212030049,1.2808965144392417,4.051859276355733,35.65430432457788,17.46543794459561,9,8.97432560609729,6.4194041259231005,24.181484109880913,9.725630961328445
263,13.600197991031036,38.87495145542163,6261.099926072406,410.0220137000507,0.5529156737369674,1.0547291667070158,39.88489358548832,18.619132016795326,5,9.17596810262723,17.73987227093111,26.331379292627574,8.126719922010436
264,16.285392964149946,41.202198147728666,4591.1650300931,378.4120569960652,1.6870448953075847,3.0767079431137563,38.52706560884509,20.115312740396057,4,10.440797370269427,23.23056476739869,30.571511068479193,8.951083330917028
265,16.4843280346355,33.773975723787835,7317.5874145931375,298.3795665272362,1.4760094901463927,2.166637803499503,37.74522789213532,20.621511762913126,4,10.20606425037779,16.90914178983128,30.37837015593889,9.38767626500762
266,15.024448545713986,40.096894520574494,5274.577195098148,442.88028876986226,1.4531919489642129,2.678401255355192,38.32824876717168,18.31880466484188,6,9.293934999460593,15.571791944407096,28.181167172369896,9.0184680496284
267,14.561201254387662,34.93990651366934,4697.512517419507,452.18864953776944,0.5259623940697769,3.23993570960239,25.141039850015517,19.794237122558368,5,7.045248447292392,7.648014145538349,25.15299525231568,4.579341776736342
268,14.002331775826047,40.29774966291624,4678.589838867765,467.7184742712443,1.8072346919332924,3.6604232394369327,24.48113021076857,18.203340938308795,7,7.5620785616163895,17.735179060715286,30.165093681354733,6.672312135984701
269,13.948457446638674,42.06378784051882,5347.71988133188,369.76518896673605,1.8237261460708967,4.499854832424404,26.984952990778453,18.19654556930252,5,7.797496924040358,3.430458638869492,29.031663136078457,8.215260914670537
270,13.97297625947782,33.82140136603224,5776.930792622481,351.8343533124293,1.434072214118892,3.820131204681497,39.67001225767092,19.853382480034362,4,9.39934182001986,14.944800974963881,31.806720827669945,7.372855284668288
271,15.645587767408328,41.127483385920556,4715.207345009127,424.76427958205613,0.9593519160717253,2.808591913627803,23.344072066903944,19.641177289388242,6,6.944512147165545,20.221862868206877,31.754902439259915,8.721717624500428
272,10.221637063319719,32.650682682532626,5029.612663224138,379.7194847145793,1.3848869334520244,4.610043585714861,31.978833894443806,17.129471192966832,8,8.019094169931504,12.860393081696552,23.228809040706313,7.714352825723328
273,17.341280802200185,39.31524547220541,4548.851458867153,397.7034990161301,1.8856231759996391,1.0704753993144176,28.606793183428607,19.538633244120977,4,7.906093953708009,10.647090649024092,26.215620097324663,10.0
274,14.639336751410594,40.99536260368392,5956.783120151742,411.4912099892942,1.327541521515639,2.256490585191534,25.745742553555587,18.66122995482436,4,7.282659114302427,6.311433774747293,27.477743584868737,8.067964836874053
275,13.585352511425526,41.50228671549344,7056.922853121365,410.18215376696486,1.803961545857737,4.49817711798013,39.31777803839897,18.961503796906968,4,10.187540685710122,20.29319231309467,29.503797641072918,6.7627124910713245
276,11.364886086086983,35.29475514574461,3389.644683983615,478.10149037088,1.7154301867755921,1.0040549595357358,25.43850877996344,14.930674319492924,3,7.5411617647181215,18.520422539824057,22.264508349270375,4.789654652409422
277,15.311117590368966,39.38161535834062,6297.817434305942,456.6034006214794,1.137244608486636,3.8352259046427846,25.508305976650924,20.47286929584702,6,7.12306436038746,16.04718893858794,33.6575148437732,7.655804561872212
278,14.603301561516316,44.96963856009536,4326.457402645444,330.2011860031498,1.532884371121922,4.551472446866399,38.95384804247762,18.626980181797144,4,9.124910026672577,24.064924652008987,27.531407170628302,7.2821872832263015
279,15.109824366307164,54.824213972097205,4871.4650932069835,278.4365848497167,0.6673195815511015,2.185711417939907,32.983341737794056,17.41920983090451,3,9.146172361995706,13.34143636755748,27.973051016761186,4.639269824475097
280,16.68472694295051,48.47195693599454,5266.383096947458,452.536620463888,1.9264636160699338,1.535572418645164,20.123527044717882,19.7455229001532,5,6.459300829409804,12.389510986408046,33.31508187615795,6.196134243580221
281,13.612523642793633,42.5003622835987,5045.713927998512,445.94580916865664,0.6629486609658618,4.143405031034636,30.756318073347604,18.58526372083704,7,8.126662383652466,12.464093380438506,28.877996733182783,5.489713764716535
282,15.00582224783172,33.73318851390596,3805.592338225493,356.65705521053644,1.935242409724092,4.5795857073611455,22.984722660975667,17.993418587292748,4,7.60763019172901,18.017989024251087,28.942461057310886,7.606970142557835
283,13.49776422662176,36.934049973480754,6804.193728931714,453.29102648380535,0.7322359210732239,1.851086225861017,38.014761692252506,18.977317938562777,5,9.27113066987821,19.28103900371801,28.193835769530775,6.916187189808103
284,13.86379877410567,40.753667386886015,6056.826583734282,443.89343262446783,0.7067870377799995,1.1469261663212342,37.99257263850596,17.801638883705145,7,8.83718957129559,10.90782419587099,26.762487043307026,6.0945833472285855
285,11.36023276807443,30.175137841549482,4145.452839524109,493.81536062837483,1.6968356756556935,1.6536956836768177,33.3204285961706,17.654445528071776,9,9.175821292209953,3.130710897634925,25.50667834531138,7.495185484894328
286,15.372970102734106,29.638567575997534,5412.559825145915,392.88668394308553,0.9488556660446825,3.576549024220212,32.1817572493518,19.45593003283183,8,8.829660452614302,13.015353974849774,30.373137430858897,6.859177664543758
287,12.440976768259635,40.39369822787145,5246.792752053364,547.0521860407454,1.8252466556174702,1.9967515971098848,37.060615564607566,16.70056827030209,8,8.283122097189407,16.910084245693728,24.39840295137992,8.498241472914529
288,13.471388695948484,38.818387705886096,4575.758185720163,349.8062213145163,1.0864711369754532,1.2839410262642343,37.44308746139397,18.82998730093947,8,8.545146821842769,16.977863236773015,29.437763029507572,6.855686783247339
289,15.671756734110863,37.66894806474938,5635.18963959722,315.03946263744695,1.160799149736079,4.695145031298962,33.78941107746716,20.223539403779196,8,8.07488841588481,22.36147489483573,27.736261419471923,5.548385292055757
290,18.029402480422572,39.105245419625,5165.032919006862,436.53379731866715,1.4430368429774094,4.7236672036899865,35.61910717081008,19.480286117558038,6,8.064940522771803,7.21960128994513,28.02963716668618,6.185632007671827
291,15.939929113398009,42.2618119266674,6023.0241537878965,410.6224480823431,1.6057284345132012,4.873931241723599,20.282402261354754,19.680054766719774,3,7.290570699124351,14.608564250405363,27.298607238733624,7.305518572627606
292,17.352517145469296,35.53749220771545,7383.978771826624,457.4472750167464,1.3043938534232173,4.244131469271634,38.93686382024434,20.857549003656494,9,9.483292033675827,17.05652240518713,32.409826685115064,7.08916713678637
293,16.14694670785684,40.696905746678134,7371.683673428602,431.6550877565291,1.6208536807084086,1.7279816506963317,26.62106361097113,19.454330482637896,6,7.944795594243938,20.537836560578526,28.872022759796245,8.545368773787533
294,12.36212749556,41.38731854197139,5060.308940203328,308.90267741007744,1.648378418604391,4.288059437612377,38.49144755305477,18.13444376588981,9,8.680344154244347,12.427348621044866,26.110315105389883,6.8234476659389
295,13.928714029815275,40.02869115954002,5958.392720939114,337.10193891027427,1.8979044822790974,4.823839717495656,36.37841864659977,18.929430493046425,6,8.834397720668887,14.57057983597616,25.457747633322647,7.278417959781054
296,16.541704273255288,43.517285683392224,4425.027731805891,430.37926612356347,0.7102032032110717,1.7550744260825653,27.668978874239762,20.597947118822496,4,7.864872890087166,5.574514153690439,29.32765518213413,9.410487916077708
297,19.42093994951735,45.34208840214574,3616.773629479124,395.97918707574036,0.5170487625783033,2.9564494193410726,22.90610539122867,21.271840753798998,9,6.687829505476238,23.020884624958807,31.173864966220226,5.43415911087233
298,15.972405067572575,39.07094803084009,5165.859004507584,424.6558586551662,1.6647477595788744,1.0480898362207842,27.207336780256554,19.559952777403712,9,7.728856228314693,14.552691349858055,26.77046596632297,8.212116987458261
299,16.543448682668007,42.80372171717217,4877.0819737892725,275.166329502001,1.068648770840414,3.2541229735353183,33.39856166815194,19.592913675583734,5,8.021183300179073,19.77316926227636,32.49967568729659,4.835329557630686
300,15.85602087091553,40.578505592137745,4838.01672736686,462.27165298766676,1.946421174810148,1.1481648929145285,28.432505967344365,18.99010287520209,8,8.396695386169261,16.391504905870555,27.003921117864543,6.281326270596681
301,17.634338855921314,44.6435400590095,5151.899889020875,423.34311424218055,1.9390214259983072,3.3492393070833915,37.811158728261276,19.78663183212056,9,8.662206303035425,12.51040652231355,29.69550343192751,4.950888481835232
302,16.361448574986508,44.434907839635144,5532.35972401607,406.06858226233317,0.9601948338984064,4.309234294691894,34.59503634475009,18.09557835354657,4,9.278022623206105,18.574119507437555,25.007877380472483,5.75557683286806
303,17.436497608534168,41.51057088986574,6470.818439897517,435.336323608907,1.572504578649395,2.927123389004396,32.312703654942,19.771705192620168,9,7.82873022796039,16.605094033967177,29.779172677373477,7.256684031032827
304,17.621929004408482,41.69942163695741,5626.656349873656,381.86781199090615,1.7466136822929115,3.7081734381950793,30.343389483722504,22.248584919251545,9,8.641188359881045,20.305578058845516,33.04872844489593,7.36981296259863
305,17.417008401219544,31.067149351077344,4067.5685976741333,328.67021343201463,1.026987676150871,1.47241396410636,34.52658099618832,20.132628620576874,9,8.893386551505344,17.968681739412595,30.399069218593663,7.463961994306562
306,18.62433192516234,43.0117452252007,3969.477480621912,389.5492619728709,1.4218973146607534,4.03396421849741,32.22152756460487,20.362526589607736,9,7.875136432962511,19.513377380934163,29.404213767345055,5.690022346382545
307,14.101347480379928,47.859758864756365,6997.365971439123,360.19454611629413,0.7805374745008609,4.895013400202927,22.609474412039596,19.784593374048335,3,8.148002085314095,17.40396921745845,23.680345617813554,9.038903945099944
308,17.47915076728119,32.516416996090406,6238.274302168465,377.74912260175927,1.1221254779142165,3.5865964341078693,27.870019872242835,21.360870637935424,4,7.930757652469633,18.590164424828785,31.78311177290168,6.849308061618705
309,15.498240904491418,33.73607715976278,5802.861940517928,406.68485136830293,0.9217877984643079,3.7808264057615615,22.28799725163961,21.242685957625703,7,7.070322220092996,11.190237805735961,31.97873455596056,5.673578128494192
310,15.225234179981308,43.23339142111539,4180.734847441911,465.4204483984147,0.5618878172721871,4.260453069182182,35.10329415210214,19.89724774028888,5,7.972731738695327,14.44851395609444,31.43058255146945,7.7987978809418275
311,15.029604184601842,46.63631496738929,6064.268834553525,411.57876562576564,1.8803005211611554,2.056881533006139,31.739424163013137,18.87514725558457,8,8.757444283880634,20.868306450104516,28.68859518718048,8.418328953626649
312,16.34633150880668,38.54842008912439,5782.66256159479,371.50924030614755,0.599200230347287,1.7954194622778759,35.07988092468438,20.13051737750447,4,8.44910006379002,8.4379181488966,28.262031481277383,7.578062179995878
313,18.450943729481498,38.51894167397671,4714.538299647618,381.3593867161908,1.6505944104572616,1.1845240300413988,39.96255917148869,19.581290723550964,7,9.50804255166611,14.342759650449036,31.612035801576262,10.0
314,15.007833619457596,47.01725194545576,7948.8426258299305,507.0887547267846,1.095895943166994,3.2586968241738874,23.595344543913868,19.522556520718688,9,7.779427304111887,14.53456140260754,29.674037418155255,6.9917515763675
315,21.84591789992378,36.664121959138114,5355.276413533585,283.34508705921405,0.7304780108424322,4.484831300123977,23.274602482603676,23.048683394906373,9,6.434148884206068,25.885698299567995,37.923828820710526,9.680701764362066
316,16.435234410838316,50.539912722641986,5868.916404988667,432.54113630542673,1.9204777472018668,4.810675330237386,36.63084983543409,20.643649189860874,5,8.845783734979163,22.484579819515417,28.92100034515577,7.768339501711593
317,14.195558309679074,45.072988992290576,6424.076576657748,381.81806402686533,1.9167914836811215,3.1963902446557095,22.705568919804282,20.298843108822087,5,8.646173739978577,15.730593571559922,29.76595446650187,7.6186658243961185
318,18.651946752098162,36.53158146941777,6553.273670681908,381.59323392407356,0.9528426646730599,3.9074951684516903,35.098860287407064,20.117299458576824,5,8.459730737607716,16.963579090211976,30.394810257864822,6.704903878080233
319,18.70371594482413,38.654416283705345,5247.003733061609,464.4743678823171,0.9915872257830061,3.28451285888769,28.257055711137962,19.813035086652445,5,8.18528268192388,9.436699985885094,29.579530425217804,9.91376123903481
320,15.463629814584962,47.55337467098973,5071.776935058543,465.8008758423163,1.1849073553254503,1.0216672161040288,21.87014444690253,20.357474825210236,9,7.615407398204292,10.544247304211613,27.455843011556176,5.24455301945328
321,18.436192621749647,44.46892515781578,5291.963229383092,453.9751758442662,1.9178282499166714,1.8501750047373524,37.0162369777047,21.463492357367947,6,9.460731375747088,11.942581120101542,28.33898148321405,5.996951255007535
322,20.449688980775782,47.105561568429955,6907.84198974946,350.3625011526078,0.7217192788812032,1.4676580221135422,33.46943080110807,23.642582341379935,3,8.02733611359675,18.485615612083357,35.2928947585725,4.209329354558025
323,17.238645090538014,47.34777539928033,6216.677758550012,390.8347535269075,1.9254802809701688,2.2367166807777132,25.206338205006443,19.554258007456042,6,8.645416015430483,9.664665589805079,29.400385069078304,5.766992406098189
324,16.775854680174827,38.303848521755235,6154.295958249074,378.95135122125123,1.0277060574931336,2.4328015149103326,26.6015701931256,21.048419025737108,3,8.074892198471316,13.240422037863791,30.483198201443862,7.114938372212462
325,19.801535102082873,45.63804319985838,8186.865777163454,459.8497534591676,1.3718937938750977,2.373936995708462,32.260472992904106,22.961805286957315,5,8.6264113911895,19.151775442421524,34.3844056122837,8.935521087284378
326,23.842411141447542,50.836718755438405,7620.687281076693,363.90797011794336,0.5265731126598205,4.8759509945189565,39.7058656097955,22.400132931382686,3,9.69230443046554,20.378698991146678,33.02617495064464,4.304286614104118
327,19.605780700201556,45.51208021743882,7582.680506505014,385.4298826502176,0.5409328730946995,4.234453058299044,22.976512213405506,22.811918090156038,8,7.270591550528583,25.545297214671766,38.32013788878272,8.43643563373701
328,19.797102390191693,48.4199208128259,7313.286273279645,382.96466212699175,0.6531727979054905,4.927924485645417,32.23450284762289,23.139896103226654,7,7.99229580779535,19.479563407631748,37.62194173738447,3.4339896339998024
329,18.55932947943305,44.33492066271849,6450.879169170128,402.65187330540084,1.637949954844466,3.151556472950716,23.69161883135582,19.632067616255284,6,7.453188094901846,15.196282427127686,28.958114384019723,6.002734732120563
330,17.388720648629167,46.36467259636074,5952.1130518550135,427.675299126828,1.9211176863226258,1.896271106555214,39.83691478922535,19.531963530895638,9,8.547146329246711,15.97987399795913,30.711851302418157,6.09022575767007
331,19.230685533015244,41.944544113797534,7152.082541605941,397.51111742279767,1.7414941823740613,1.0502213573964756,23.595547475768893,22.10995248434976,7,9.008402533497614,7.606874562801371,32.826022837014,5.083249700506209
332,17.954227569092218,46.122906847699596,6771.919838018898,432.76264419303243,1.4308135124213877,3.9540054936976796,23.51833062733432,20.474574407840148,7,6.479032981867821,10.61258613238001,32.26986393932609,8.395383619865488
333,18.974751696612994,48.55532828606715,7588.330466829162,318.43322121508083,1.9330271733264304,4.812302547206681,24.58624426300133,22.57095736930718,9,8.091247295742615,22.48238750471211,32.84674554867344,7.825855567755737
334,19.354480050527584,48.90599802150081,6445.114671785566,363.7441115003441,0.6277258244031841,2.7624285267767488,25.08854997785739,22.100985055496732,7,8.50609477869206,19.388752039445766,31.903603168600704,5.694637226820509
335,21.263911176393908,47.16898342527656,9513.445808517497,379.0093009982092,1.116581356997514,1.9745815487842595,29.094090323022343,22.536230602163464,4,8.664226221488441,21.29333482447685,32.75703283587157,8.32037986021417
336,25.44062328478178,53.15724278992063,6563.264424994487,262.5596140831382,1.9999378460765382,3.2727595707114996,25.141895084095484,26.007445616154477,4,8.650998482512819,16.38013044391863,36.46620717634824,5.62203143115153
337,22.041993584704667,42.31033504539093,8651.998204895583,316.22040554318437,1.5999788493711806,2.6710672126159336,23.214191737170268,23.07286434231482,5,6.964806673524694,18.861184652439746,31.58128994725292,7.610699537071717
338,23.129466950674747,49.25857842566716,8857.912563988013,436.0664594995732,0.8551508552483769,3.820349661605227,22.120094771259367,21.908045733755102,6,7.37254911757427,22.67668777199906,35.42064193824173,7.636586776223433
339,20.050676954030884,43.88637460357728,8720.155883156289,391.68256845161613,1.434049589702777,3.7543151781904984,33.88209897427896,23.199664354147867,5,8.226146718673313,7.203349452844062,34.719971232405236,6.082302396235603
340,20.498725167742663,51.62117252210085,7259.531457006061,372.394582271101,0.9200020523206514,1.1598300436410933,33.45438872595709,21.956639879938145,5,8.686365420724451,27.352027987508627,34.25515193753057,9.7590935301385
341,18.559414762515694,48.31337010559968,7180.816692245331,402.93391938139763,1.701977834678597,4.010169762057856,28.630451875199107,21.54056158203154,3,8.239384629488711,19.44043359103145,34.15087152140679,6.1348483108636165
342,20.525903993830237,51.87301385074995,7106.806272521832,401.911182239228,1.2005701392713257,1.580652623552774,37.73865136769204,21.67393262984657,8,9.00724219962164,14.714738781757546,32.412120110331706,6.338713978850997
343,19.30985158739361,57.22826629629635,8435.064762987296,459.1544497015283,1.8774024266471243,4.868990617894193,36.803555340640656,20.441827470943462,8,9.151925347340715,16.93105863008949,28.908047175748763,9.737254158497924
344,24.10207984196158,49.94183133416874,8895.152751904996,392.1820634089468,0.6879413732958819,4.747094707297435,31.48730316727626,23.211970265136625,4,7.369411604686536,24.8756100681114,34.41680907778754,6.562246943275964
345,21.192869419579168,54.419937507037204,7843.899753367344,466.45647940461765,1.108959250830755,4.715616488796096,39.45361714190824,23.61910292419449,6,9.456156968720158,20.094377006301915,30.4313637517987,10.0
346,21.47350065321247,50.59248006275317,7121.326046654159,402.3585399592224,0.6438248114429387,3.1830131470379333,32.21548356311914,22.81223551656649,5,8.728677408607334,24.380230257182106,37.88644517356865,6.357637377644527
347,22.280425911942057,51.38355452391212,7269.914222240923,465.0204742891204,0.9277848828393844,4.314516707469679,27.16657934349278,24.904216368609184,3,8.176529145440233,15.680941970892086,38.52973344097388,7.186304392447931
348,20.904492595000114,52.745752763266445,9990.172965282009,489.022191349578,1.933465507753049,2.178903737513671,39.50036474807189,24.140420773142345,9,9.628076977801694,12.458126324527239,35.88809478964702,8.414769747621005
349,20.540311519451922,48.91101299908369,6293.163416675983,419.1009629497756,1.7917494570115386,4.121810686301891,32.84888768852216,20.212714284760786,7,9.534992567042805,12.392427961619175,30.324051457526146,7.8134017204062705
350,17.98225080444088,54.817338189204406,10417.863125012474,410.1580988658185,0.9834047624673388,4.677594378345589,35.980034219239265,21.181933776963692,3,8.697351481307402,14.775271028116965,28.505081547166146,9.429803284520412
351,23.17610020604644,52.78362428314834,6367.644680345052,482.4956974844207,1.8615119004425207,1.7744355785267598,27.95517546153617,22.449669752541123,8,7.569350920623847,19.396589165480407,34.04697534579795,8.323669904870135
352,21.45282690620057,46.62976249687136,8529.064212510972,392.5753438005306,1.9257336220968497,1.8265138942544081,31.967647223935558,23.228725370896427,8,8.23731770531889,21.68377409641047,34.014138757462256,7.768543462008668
353,21.076109663416325,63.36370223224119,9057.806896001417,360.7740066687337,0.5566049804153249,4.5393946117332185,23.51418146985461,24.092036176676896,4,6.999816839095338,21.416689805493494,35.226009283716884,8.763693203598613
354,21.573204079600103,60.07023383765051,10871.088383568138,348.8551223477407,0.6214267663395776,1.0371869945522043,37.65850503738311,24.791012175604408,9,8.50833054833805,28.37967981493192,36.93359107438561,7.29927446813243
355,23.8154236568148,56.83152841772424,9827.328863212057,430.2296303223173,0.557075264512567,2.3486717272477606,39.96121049257482,26.310916809120506,8,9.217933915744434,22.732739875338627,36.09262435389058,7.725476915773526
356,22.509674478073457,53.80400905622797,10592.513561336536,424.93601456992883,1.6317536560532482,4.29810492187679,39.053908842330216,24.301021659068237,3,10.159005808520806,10.882889667612606,36.56633589524968,6.437821640219396
357,27.99171648753073,65.88804780465755,10132.153636437833,381.44659067728037,0.7317267496187035,3.923070683391497,39.068096296792916,26.029038473592635,4,9.242993381705778,18.17740316010717,34.544101501808385,7.607311652769211
358,23.224918897025322,52.23574377603029,9906.840432627647,411.6967526238549,0.7860652646684847,1.4431711754781125,20.170149077650485,24.964137109163296,6,7.017104921017353,16.414239625222514,39.64627743446148,6.278340416009056
359,21.226344401423095,62.79514341610526,9148.234176858157,403.86917847709077,0.6600650831195984,2.1474207813869053,24.141421991400865,23.67624528296162,7,7.310129876462474,20.320658435335705,34.398205304097026,9.084618147476197
360,24.851813548506374,63.68728580918618,9703.91401755661,450.62690580709085,1.3289105644812422,3.4016004772477855,35.06014462292937,25.30551700509405,6,8.839696236162924,20.888516078268893,38.03637395055174,9.492064058885314
361,25.093280129167795,57.634165334981304,10223.813992558244,336.547392299934,1.6292807376180494,1.8074280675746572,35.703837476836604,25.13733982148486,3,9.178937943804021,21.463425840382634,34.37368489289748,7.257818050011364
362,25.30170582984713,53.76529741541226,9559.517103505612,347.87586916053675,1.698496763949472,1.3142713773622456,23.33156899421427,26.551782896876688,8,7.512200822136524,17.28912721950351,40.183985674565356,7.045317250252185
363,21.75129416064944,58.274819965878436,9400.613422970455,419.31234274796134,1.8468240310718411,3.0122196953580196,24.08988926650879,21.833266488759744,8,7.226641894604288,21.47719991979947,31.023685064614845,6.823486759618665
364,23.26197454910219,64.51506387795715,10508.08898326777,376.921329939437,1.273933317666287,1.129140771019757,37.79040109025762,25.28150052696527,7,8.764597363071488,19.26004754625408,38.10307877872962,4.305328183876339
365,25.87312720265175,63.34148540147156,10286.03951283157,413.4052739892328,1.5721502760611175,4.817169133484045,30.581758442073422,26.526028705731804,5,8.4303096426905,25.536768922419053,40.39850155394525,6.956545821060102
